CODE PACIFICA;FONCTION
;ACCOUNT MANAGER CAISSES REGIONALES
;ACCOUNT MANAGER CRCA ET LCL
;ACCOUNT MANAGER LCL
;ACHETEUR BUSINESS
;ACHETEUR BUSINESS CONFIRME
;ADJOINT CHEF DE MISSION
;ADJOINT RESPONSABLE BACK OFFICE
;ADMINISTRATEUR OUTILS CONFIRME
;ADMINISTRATEUR SI ACHATS
;ADMINISTRATEURS OUTILS
;ANALYSTE CONFORMITE
;ANALYSTE CONFORMITE CONFIRME
;ANALYSTE OPERATIONS
;ANALYSTE OPERATIONS FINANCE
;ANALYSTE PROGRAMMEUR
;ANALYSTE QUANTITATIF
;ARCHITECTE APPLICATIF CONFIRME
;ARCHITECTE D ENTREPRISE
;ARCHITECTE D ENTREPRISE CONFIRME
;ARCHITECTE DE DONNEES
;ARCHITECTE DE DONNEES CONFIRME
;ARCHITECTE SECURITE
;ASSISTANT CONTRÔLE DE GESTION CONFIRME
;ASSISTANT JURIDIQUE
;ASSISTANT PAIE ET GESTION DU PERSONNEL
;ASSISTANT RH
;ASSISTANTE DE DIRECTION CONFIRME
;ATTACHE DE PRESSE
;AUDITEUR INTERNE
;AUDITEUR INTERNE CONFIRME
;AUTOMATICIEN DE TESTS
;BUSINESS ANALYST
;BUSINESS ANALYST CONFIRME
;BUSINESS PARTNER
;BUSINESS PARTNER ANALYST
;BUSINESS PARTNER CONFIRME
;CAMPUS MANAGER
;CHANGE MANAGEMENT OFFICER
;CHANGE MANAGER
;CHARGE D ACCOMPAGNEMENT DE DEVELOPPEMENT
;CHARGE D ACTIVITE
;CHARGE D ACTIVITE ANTI-FRAUDE ET EXERCICE DE DROIT
;CHARGE D ACTIVITE DE GESTION
;CHARGE D ACTUARIAT INTERNATIONAL
;CHARGE D AFFAIRES PUBLIQUES
;CHARGE D AFFAIRES PUBLIQUES CONFIRME
;CHARGE D ANIMATION
;CHARGE D ANIMATION DES PROCESSUS DE GESTION ASS.
;CHARGE D ASSISTANCE CLIENT
;CHARGE D ASSISTANCE RELATION RESEAUX
;CHARGE D ETUDES ET GESTION FINANCIERE
;CHARGE D ETUDES STATISTIQUES ACO
;CHARGE D ETUDES STATISTIQUES ET PLANIFICATION
;CHARGE D ETUDES TECHNIQUES ET ACTUARIELLES
;CHARGE D HABILITATION
;CHARGE D INGENIERIE ET DE CONSEIL ASSURANCES
;CHARGE D INGENIERIE FINANCIERE
;CHARGE D'ACTIVITE CONFORMITE ET RGPD
;CHARGE D'ACTIVITE DE PARTENARIAT
;CHARGE D'ACTIVITE FLUX DOCUMENTAIRES
;CHARGE D'ACTIVITES COMPTABLES
;CHARGE D'ADMINISTRATION OUTILS
;CHARGE D'ANIMATION COMMERCIALE
;CHARGE D'ETUDES CLIENTS
;CHARGE D'ETUDES ECONOMIQUES ET STATISTIQUES
;CHARGE D'ETUDES STATISTIQUES ET REPORTING
;CHARGE D'ADMINISTRATION DE PORTEFEUILLES
;CHARGE D'AFFAIRES M&A
;CHARGE D'AFFAIRES M&A CONFIRME
;CHARGE D'AFFAIRES M&A EXPERT
;CHARGE DE BUDGET ET CONSOLIDATION
;CHARGE DE COMMUNICATION
;CHARGE DE COMMUNICATION RH
;CHARGE DE DEVELOPPEMENT 
;CHARGE DE DEVELOPPEMENT COMMERCIAL
;CHARGE DE FORMATION
;CHARGE DE FORMATION DES RESEAUX
;CHARGE DE FORMATION SINISTRE
;CHARGE DE GESTION
;CHARGE DE GESTION CONFIRME ASSURANCES COLLECTIVES
;CHARGE DE GESTION CONFIRME CSE
;CHARGE DE GESTION CSE
;CHARGE DE GESTION TECHNIQUE
;CHARGE DE LA QUALITE DES APPLICATIFS
;CHARGE DE MARKETING OPERATIONNEL
;CHARGE DE MIDDLE OFFICE
;CHARGE DE MISSION ANTI-FRAUDE
;CHARGE DE MISSION ENVIRONNEMENT
;CHARGE DE MISSION SINISTRE
;CHARGE DE MO FINANCE
;CHARGE DE MODELISATION
;CHARGE DE MOYENS GENERAUX  IMMOBILIER ET SECURITE
;CHARGE DE MOYENS GENERAUX ET IMMOBILIER
;CHARGE DE PAIE ET GESTION DU PERSONNEL
;CHARGE DE PILOTAGE
;CHARGE DE PILOTAGE FLUX FINANCIERS
;CHARGE DE PILOTAGE MIDDLE OFFICE
;CHARGE DE PILOTAGE OPERATIONNEL BUDGETAIRE IT
;CHARGE DE PRODUIT
;CHARGE DE PROJET AMELIORATION CONTINUE OPERATIONS
;CHARGE DE PROJET COMM CONTRACTUELLE CLIENT DIGITAL
;CHARGE DE PROJET COMPTABLE
;CHARGE DE PROJET CULTURE CLIENT
;CHARGE DE PROJET DIGITAL
;CHARGE DE PROJET DIGITAL COMMUNICATION
;CHARGE DE PROJET ETUDES CLIENTS
;CHARGE DE PROJET EXPERIENCE CLIENT OMNICANALE
;CHARGE DE PROJET FORMATION
;CHARGE DE PROJET IMMOBILIER
;CHARGE DE PROJET MARKETING PRODUIT
;CHARGE DE PROJET MARKETING STRATEGIQUE
;CHARGE DE PROJET MOA
;CHARGE DE PROJET OPERATIONS
;CHARGE DE PROJET OPERATIONS ET PROCESSUS
;CHARGE DE PROJET PROGRAMME RELATIONNEL
;CHARGE DE PROJET RECETTE
;CHARGE DE PROJET SATISFACTION CLIENTS
;CHARGE DE PROJET TRANSFORMATION
;CHARGE DE PROJET TRANSVERSE
;CHARGE DE PROJETS RH
;CHARGE DE PROJETS RSE ET MECENAT
;CHARGE DE PROJETS STRATEGIE
;CHARGE DE QUALITE ET FONCTIONNEMENT
;CHARGE DE RECLA. ET CONTENTIEUX ADE ET PREVOYANCE
;CHARGE DE RECLAMATION ERI
;CHARGE DE RECRUTEMENT
;CHARGE DE REPORTING FORMATION
;CHARGE DE RISQUES ET CONTROLES PERMANENTS
;CHARGE DE SUPPORT METIER
;CHARGE DE SURETE  SECURITE ET PREVENTION
;CHARGE DES ETUDES FONCTION ACTUARIELLE
;CHARGE D'ETUDES EXTRA-FINANCIERE
;CHARGE D'ETUDES RH
;CHARGE D'ETUDES STATISTIQUES
;CHARGE D'INNOVATION
;CHARGE D'INVESTISSEMENT
;CHARGE REPORTING IMMOBILIER
;CHARGE(E) DE TRESORERIE
;CHEF DE MISSION
;CHEF DE MISSION EXPERT
;CHEF DE MISSION ORGANISATION ET TRANSFO EXPERT
;CHEF DE MISSION ORGANISATION ET TRANSFORMATION
;CHEF DE PRODUIT
;CHEF DE PRODUIT ET OFFRE
;CHEF DE PROJET AMELIORATION CONTINUE ERI
;CHEF DE PROJET AMELIORATION CONTINUE OPERATIONS
;CHEF DE PROJET COMM CONTRACTUELLE CLIENT DIGITAL
;CHEF DE PROJET COMPTABLE
;CHEF DE PROJET CONFORMITE
;CHEF DE PROJET CULTURE CLIENT
;CHEF DE PROJET DIGITAL
;CHEF DE PROJET DIGITAL COMMUNICATION
;CHEF DE PROJET ETUDES CLIENTS
;CHEF DE PROJET EXPERIENCE CLIENT OMNICANALE
;CHEF DE PROJET FORMATION
;CHEF DE PROJET FORMATION DES RESEAUX
;CHEF DE PROJET INNOVATION
;CHEF DE PROJET JURIDIQUE
;CHEF DE PROJET MARKETING INTERNATIONAL
;CHEF DE PROJET MARKETING INTERNATIONAL EXPERT
;CHEF DE PROJET MARKETING PRODUIT
;CHEF DE PROJET MARKETING STRATEGIQUE
;CHEF DE PROJET MOA
;CHEF DE PROJET MOA ET RISQUES
;CHEF DE PROJET OPERATIONS
;CHEF DE PROJET OPERATIONS ET PROCESSUS
;CHEF DE PROJET PARCOURS PROCESS
;CHEF DE PROJET PARTENARIAT INTERNATIONAL
;CHEF DE PROJET PROGRAMME RELATIONNEL
;CHEF DE PROJET RECETTE
;CHEF DE PROJET SATISFACTION CLIENTS
;CHEF DE PROJET SI
;CHEF DE PROJET SSI
;CHEF DE PROJET STRATEGIE CLIENT
;CHEF DE PROJET TRANSVERSE
;CHEF DE PROJET TRANSVERSE INTERNATIONAL
;CHEF DE PROJETS IA
;CHEF DE PROJETS RH
;CHEF DE PROJETS RSE MECENAT
;CHEF DE PROJETS STRATEGIE
;CHIEF INFORMATION SECURITY OFFICER (CISO)
;COMMERCIAL GRANDS COMPTES
;COMPTABLE
;COMPTABLE CONFIRME
;CONCEPTEUR GRAPHISTE
;CONTROLEUR CONFORMITE
;CONTROLEUR DE GESTION
;CONTROLEUR DE GESTION CONFIRME
;CONTROLEUR DE GESTION EXPERT
;CONTROLEUR DE GESTION GROUPE
;CONTROLEUR DE GESTION GROUPE CONFIRME
;CONTROLEUR DE GESTION GROUPE EXPERT
;COORDINATEUR ANIMATEURS COLLECTE
;COORDINATEUR D EQUIPE SI
;COORDINATEUR DIGITAL
;COORDINATRICE ESPACE SANTE AU TRAVAIL
;CORRESPONDANT PROCESSUS
;DATA ANALYST
;DATA ANALYST CONFIRME
;DATA ENGINEER
;DATA ENGINEER CONFIRME
;DATA MANAGEMENT EXPERT
;DATA MANAGEMENT OFFICER
;DATA SCIENTIST
;DATA SCIENTIST CONFIRME
;DELEGUE REGIONAL
;DESIGN OFFICER
;DEVELOPPEUR
;DEVELOPPEUR CONFIRME
;DIRECTEUR DE PROJETS
;EXPERT ACHAT
;EXPERT AFFAIRES PUBLIQUES
;EXPERT DES NORMES COMPTABLES
;EXPERT DEVELOPPEMENT E-BUSINESS
;EXPERT EN ANALYSE EXTRA-FINANCIERE
;EXPERT EXTERNALISATION
;EXPERT FONCTIONNEL
;EXPERT MARKETING STRATEGIQUE
;EXPERT METHODES
;EXPERT PROJET TRANSVERSE
;EXPERT REVISION ET PROJETS COMPTABLES GROUPE
;EXPERT RSE MECENAT
;EXPERT STATISTIQUES ACO
;EXPERT TECHNIQUE SOUSCRIPTION MRE 
;EXPERT VEILLE ET CONCURRENCE
;FISCALISTE
;FISCALISTE EXPERT
;GERANT DE PORTEFEUILLE CONFIRME
;GERANT DE PORTEFEUILLE EXPERT
;GESTIONNAIRE
;GESTIONNAIRE ACHAT
;GESTIONNAIRE ANTI-FRAUDE ET EXERCICE DE DROITS
;GESTIONNAIRE ARCHIVAGE
;GESTIONNAIRE ARCHIVAGE CONFIRME
;GESTIONNAIRE ASSISTANCE CLIENT
;GESTIONNAIRE ASSISTANCE CLIENT CONFIRME
;GESTIONNAIRE CONFIRME
;GESTIONNAIRE CONFORMITE ET RGPD
;GESTIONNAIRE DE SOURCING
;GESTIONNAIRE MOYENS GENERAUX ET IMMOBILIER
;GESTIONNAIRE RECLAMATIONS ADE ET PREVOYANCE
;GESTIONNAIRE RECRUTEMENT ET CARRIERE
;GESTIONNAIRE RECRUTEMENT ET CARRIERE CONFIRME
;GESTIONNAIRE RELATION CLIENT
;GESTIONNAIRE RELATION CLIENT CONFIRME
;GESTIONNAIRE TRESORERIE
;GESTIONNAIRE TRESORERIE CONFIRME
;INFIRMIER D ENTREPRISE
;INGENIEUR CONSEIL ASSURANCES
;INGENIEUR D INTEGRATION APPLICATIVE
;INGENIEUR D INTEGRATION APPLICATIVE CONFIRME
;INGENIEUR FINANCIER
;INGENIEUR FINANCIER EXPERT 
;INGENIEUR PREVENTION
;JURISTE
;JURISTE CONFIRME
;JURISTE DROIT SOCIAL
;JURISTE DROIT SOCIAL CONFIRME
;JURISTE DROIT SOCIAL EXPERT
;JURISTE EXPERT
;LEAD DATA SCIENTIST
;MANAGER ACHATS
;MANAGER ACTUARIAT INTERNATIONAL
;MANAGER ADMINISTRATION DES OUTILS
;MANAGER ANALYSE EXTRA-FINANCIERE
;MANAGER ANIMATION COMMERCIALE
;MANAGER ANTI-FRAUDE
;MANAGER APG
;MANAGER ASSISTANCE ET EXPERTISE
;MANAGER BUDGET ET CONSOLIDATION
;MANAGER COMMUNICATION
;MANAGER COMPTABLE
;MANAGER CONFORMITE ET STRATEGIE
;MANAGER CONTROLE DE GESTION
;MANAGER D ETUDES STATISTIQUES ACO
;MANAGER D ETUDES TECHNIQUES ET ACTUARIELLES
;MANAGER D'ETUDES ECONOMIQUES ET STATISTIQUES
;MANAGER D'ETUDES RH
;MANAGER D'INVESTISSEMENT
;MANAGER DATA
;MANAGER DE L'ANIMATION RESEAU
;MANAGER DE MO FINANCE
;MANAGER DE POLE RESSOURCES HUMAINES
;MANAGER DE PROJET MOA ET DIGITAL
;MANAGER DE PROJET PARCOURS PROCESS
;MANAGER DES ACHATS
;MANAGER DEVELOPPEMENT COMMERCIAL
;MANAGER DEVELOPPEMENT ET INGENIERIE
;MANAGER DIGITAL FACTORY
;MANAGER DOMAINE TECHNIQUE ASSURANCE
;MANAGER ETUDES ET SATISFACTION CLIENTS
;MANAGER EXPERIENCE CLIENT
;MANAGER FORMATION
;MANAGER FORMATION DES RESEAUX
;MANAGER GESTION DES FONDS PROPRES
;MANAGER GESTION FINANCIERE
;MANAGER IA
;MANAGER IMMOBILIER
;MANAGER INGENIERIE CONSEIL ASSURANCE
;MANAGER INGENIERIE FINANCIERE
;MANAGER INGENIERIE RETRAITE
;MANAGER INGENIEUR PREVENTION
;MANAGER INNOVATION
;MANAGER JURIDIQUE
;MANAGER MARKETING OPERATIONNEL
;MANAGER MARKETING PRODUIT
;MANAGER MARKETING STRATEGIQUE
;MANAGER MIDDLE OFFICE
;MANAGER MODELISATION
;MANAGER MOYENS GENERAUX
;MANAGER MOYENS GENERAUX ET SECURITE
;MANAGER MOYENS GENERAUX, SÛRETE, SECURITE, PREVENTION
;MANAGER NORMES COMPTABLES
;MANAGER OPERATION PREVOYANCE
;MANAGER OPERATIONS
;MANAGER OPERATIONS ET PROCESSUS
;MANAGER ORGANISATION ET TRANSFORMATION
;MANAGER PAIE ET GESTION DU PERSONNEL
;MANAGER PARCOURS DIGITAUX
;MANAGER PARTENARIAT
;MANAGER PILOTAGE BUDGETAIRE IT
;MANAGER PRODUIT ET OFFRE
;MANAGER PROJET TRANSVERSE
;MANAGER PROJETS  ENVIRONNEMENT ET PERFORMANCE
;MANAGER RECRUTEMENT ET CARRIERE
;MANAGER RELATIONS PRESSE
;MANAGER RELATIONS SOCIALES ET SANTE AU TRAVAIL
;MANAGER RESSOURCES ET PROJETS
;MANAGER RESSOURCES HUMAINES
;MANAGER REVISION ET PROJETS COMPTABLES GROUPE
;MANAGER RISQUES ET CONTROLE PERMANENT
;MANAGER RSE MECENAT
;MANAGER SI
;MANAGER SOUSCRIPTION 
;MANAGER STATISTIQUES ET REPORTING
;MANAGER STRATEGIE
;MANAGER STRATEGIE CLIENT
;MANAGER STRATEGIE DE DISTRIBUTION
;MANAGER SUPPORT OPERATIONS
;MANAGER SURETE, SECURITE ET PREVENTION
;MANAGER TECHNIQUE
;MANAGER TECHNIQUE NATIONAL
;MANAGER TRESORERIE ET MO
;MEDECIN CONSEIL
;PILOTE DE PROJETS IA
;PREVENTEUR SANTE ET SECURITE AU TRAVAIL CONFIRME
;PROCESS OFFICER
;PROCESS OWNER
;PRODUCT MANAGER
;PRODUCT OWNER
;PRODUCT OWNER CONFIRME
;PROJECT MANAGEMENT OFFICER
;PROJECT MANAGEMENT OFFICER CONFIRME
;QUALITY ANALYST
;QUALITY ANALYST CONFIRME
;REFERENT D ACTIVITE DE GESTION
;REFERENT METHODES
;REFERENT SECURITE
;REFERENT SECURITE CONFIRME
;REFERENT TESTS INTRUSION
;RESP D'ACTIVITES DE TRESORERIE DE PLACEMENTS
;RESP. D ANIMATION DES PROCESSUS DE GESTION ASS.
;RESPONSABLE ACCOMPAGNEMENT DU DEVELOP PREMUNDI
;RESPONSABLE ACCOMPAGNEMENT RESEAUX
;RESPONSABLE ACTIVITES ACTUARIELLES INTERNATIONAL
;RESPONSABLE COMMUNICATION FINANCIERE ET NOTATION
;RESPONSABLE COMMUNICATION FINANCIERE EXPERT
;RESPONSABLE CONFORMITE
;RESPONSABLE COORDINATION ET REPORTING
;RESPONSABLE COORDINATION REGLEMENTAIRE
;RESPONSABLE D ACTIVITE DE GESTION
;RESPONSABLE D ACTIVITES TRESORERIE
;RESPONSABLE D ASSISTANCE RELATION RESEAUX
;RESPONSABLE D EQUIPE ASSISTANCE ET EXPERTISE
;RESPONSABLE D EQUIPE OPERATIONS
;RESPONSABLE D EQUIPE OPERATIONS PREVOYANCE
;RESPONSABLE D ETUDES ET GESTION FINANCIERE
;RESPONSABLE D ETUDES ET GESTION FINANCIERE EXPERT
;RESPONSABLE D ETUDES STATISTIQUES ACO
;RESPONSABLE D ETUDES TECH ET ACTUARIELLES EXPERT
;RESPONSABLE D ETUDES TECHNIQUES ET ACTUARIELLES
;RESPONSABLE D'ACTIVITE COMPTABLE EXPERT
;RESPONSABLE D'ACTIVITE DE PARTENARIAT
;RESPONSABLE D'ACTIVITES ACTUARIELLES INTERNATIONAL EXPERT
;RESPONSABLE D'ACTIVITES COMPTABLES
;RESPONSABLE D'ANIMATION COMMERCIALE
;RESPONSABLE D'EQUIPE COMPTABLE
;RESPONSABLE D'EQUIPE PROJET TRANSFORMATION
;RESPONSABLE D'EQUIPE QUALITE ET FONCTIONNEMENT
;RESPONSABLE D'EQUIPE TRESORERIE
;RESPONSABLE D'ETUDES ECONOMIQUES ET STATISTIQUES
;RESPONSABLE D'ETUDES NORMES COMPTABLES
;RESPONSABLE D'ETUDES RH
;RESPONSABLE D'ETUDES STATISTIQUES ET REPORTING
;RESPONSABLE D'INVESTISSEMENT EXPERT
;RESPONSABLE D'ACTIVITE RELATION PRESSE
;RESPONSABLE D'ACTIVITES PAIE ET GESTION DU PERSONNEL
;RESPONSABLE D'ADMINISTRATION DE PORTEFEUILLES
;RESPONSABLE DE COMMUNICATION
;RESPONSABLE DE COMMUNICATION RH
;RESPONSABLE DE COMMUNICATION SI
;RESPONSABLE DE DEVELOPPEMENT
;RESPONSABLE DE DEVELOPPEMENT COMMERCIAL EXPERT
;RESPONSABLE DE DOMAINE DE GESTION ACCOMPAGNEE
;RESPONSABLE DE FORMATION DES RESEAUX
;RESPONSABLE DE LA QUALITE DES APPLICATIFS
;RESPONSABLE DE MARKETING OPERATIONNEL
;RESPONSABLE DE MARKETING OPERATIONNEL INTERNATIONAL
;RESPONSABLE DE MISSION ANTI-FRAUDE 
;RESPONSABLE DE MISSION TRANSFORMATION METIER
;RESPONSABLE DE NORMES ET METHODES CONFORMITE
;RESPONSABLE DE PILOTAGE OPERATIONNEL BUDGETAIRE IT
;RESPONSABLE DE PILOTAGE QUALITE ET RECETTE
;RESPONSABLE DE POLE  MARKETING STRATEGIQUE
;RESPONSABLE DE POLE ACHAT
;RESPONSABLE DE POLE ANIMATION COMMERCIALE
;RESPONSABLE DE POLE ANTI-FRAUDE 
;RESPONSABLE DE POLE APG
;RESPONSABLE DE POLE ASSISTANCE ET EXPERTISE
;RESPONSABLE DE POLE BUDGET ET CONSOLIDATION
;RESPONSABLE DE POLE COMM CONTRACTUELLE CLIENT DIGITAL
;RESPONSABLE DE POLE COMMUNICATION
;RESPONSABLE DE POLE COMPTABLE
;RESPONSABLE DE POLE CONTROLE DE GESTION
;RESPONSABLE DE POLE CSE
;RESPONSABLE DE POLE CULTURE CLIENT
;RESPONSABLE DE POLE D ETUDES TECHNIQUES ET ACTUARIELLES
;RESPONSABLE DE POLE DESIGN OFFICE
;RESPONSABLE DE POLE DEVELOPPEMENT COMMERCIAL
;RESPONSABLE DE POLE ETUDES CLIENTS
;RESPONSABLE DE POLE FORMATION DES RESEAUX
;RESPONSABLE DE POLE GESTION DE LA FORMATION
;RESPONSABLE DE POLE GESTION ET RELATIONS CLIENTS
;RESPONSABLE DE POLE GESTION FINANCIERE
;RESPONSABLE DE POLE MARKETING RELATION CLIENT
;RESPONSABLE DE POLE MGX IMMOBILIER ET SECURITE
;RESPONSABLE DE POLE MIDDLE OFFICE
;RESPONSABLE DE POLE MKTG OPERATIONNEL ET PRODUIT
;RESPONSABLE DE POLE MOYENS GENERAUX ET IMMOBILIER
;RESPONSABLE DE POLE OPERATION PREVOYANCE
;RESPONSABLE DE POLE OPERATIONS
;RESPONSABLE DE POLE PAIE ET GESTION DU PERSONNEL
;RESPONSABLE DE POLE PARCOURS DIGITAUX
;RESPONSABLE DE POLE PILOTAGE ET ANIMATION
;RESPONSABLE DE POLE PRODUIT
;RESPONSABLE DE POLE PROGRAMME RELATIONNEL
;RESPONSABLE DE POLE PROJET
;RESPONSABLE DE POLE PROJET COMPTABLE
;RESPONSABLE DE POLE PROJET OPERATIONS ET PROCESSUS
;RESPONSABLE DE POLE PROJET TRANSFORMATION
;RESPONSABLE DE POLE PROJETS IMMOBILIERS
;RESPONSABLE DE POLE PROJETS RH
;RESPONSABLE DE POLE QUALITE ET RECETTE
;RESPONSABLE DE POLE RECRUTEMENT ET CARRIERE
;RESPONSABLE DE POLE SI
;RESPONSABLE DE POLE STATISTIQUES ET REPORTING
;RESPONSABLE DE POLE STRATEGIE CLIENT OMNICANALE
;RESPONSABLE DE POLE SUPPORT OPERATIONS
;RESPONSABLE DE POLE SURETE  SECURITE ET PREVENTION
;RESPONSABLE DE POLE TRESORERIE
;RESPONSABLE DE PROJET CONFORMITE
;RESPONSABLE DE PROJET EXCELLENCE OPERATIONNELLE
;RESPONSABLE DE REGION
;RESPONSABLE DE REGION CAISSES REGIONALES
;RESPONSABLE DE REGION LCL
;RESPONSABLE DE REVISION ET PROJETS COMPTABLES GROUPE
;RESPONSABLE DE SECURITE INFORMATIQUE (RSI)
;RESPONSABLE DE SUPERVISION CONFORMITE
;RESPONSABLE DE SUPERVISION CONFORMITE EXPERT
;RESPONSABLE DES ETUDES FONCTION ACTUARIELLE
;RESPONSABLE DES ETUDES FONCTION ACTUARIELLE EXPERT
;RESPONSABLE DES FONDS PROPRES
;RESPONSABLE D'ETUDES EXTRA-FINANCIERE
;RESPONSABLE D'INVESTISSEMENT
;RESPONSABLE DU PLAN DE SECOURS INFORMATIQUE (RPSI)
;RESPONSABLE ETUDES STATISTIQUES
;RESPONSABLE EXTERNALISATION ENTITE
;RESPONSABLE INTEGRATION HANDICAP
;RESPONSABLE MARKETING OPERATIONNEL EXPERT
;RESPONSABLE MO FINANCE
;RESPONSABLE MO FINANCE EXPERT
;RESPONSABLE MODELISATION
;RESPONSABLE MOYENS GENERAUX ET IMMOBILIER
;RESPONSABLE PARAMETRAGE ET PROJET MARKETING
;RESPONSABLE PARCOURS CLIENT
;RESPONSABLE PCA
;RESPONSABLE PILOTAGE
;RESPONSABLE REPORTING IMMOBILIER
;RESPONSABLE RETRAITE INDIVIDUELLE
;RESPONSABLE RISQUES ET CONTRÔLE PERMANENT
;RESPONSABLE RISQUES ET CONTROLE PERMANENT EXPERT
;RESPONSABLE RISQUES ET FONCTIONNEMENT OPÉRATIONNEL
;RESPONSABLE SI INTERNATIONAL
;RESPONSABLE SURETE  SECURITE ET PREVENTION
;RESPONSABLE TECHNIQUE
;RESPONSABLE TECHNIQUE ASSURANCE
;RESPONSABLE TECHNIQUE ASSURANCE EXPERT
;RESPONSABLE TECHNIQUE REGIONAL CONFIRME
;RESPONSABLE TECHNIQUE REGIONAL EXPERT
;RESPONSABLE TRANSFO ET EXCELLENCE RELATIONNELLE
;RRH CAAS
;RRH ENTITE
;SERVICE MANAGER
;SERVICE MANAGER ASSISTANT
;SERVICE MANAGER CONFIRME
;SOCIAL MEDIA MANAGER
;SOFTWARE ASSET MANAGER
;SOFTWARE ASSET MANAGER CONFIRME
;SOUSCRIPTEUR FLOTTE
;SOUSCRIPTEUR FLOTTE CONFIRME
;SOUSCRIPTEUR MRE
;STRATEGISTE
;SUPERVISEUR AUDIT INTERNE
;TEST MANAGER
;UX DESIGNER
;UX DESIGNER CONFIRME
;WEB ANALYST
;WEB ANALYST CONFIRME
9;ACCUEIL
16;ACCUEIL PJ
32;ACCUEIL RECOLTE
6;ADJOINT
19;ADJOINT PJ
31;ADJOINT RECOLTE
12;APPUI TECHNIQUE IARD
21;APPUI TECHNIQUE PJ
29;APPUI TECHNIQUE RECOLTE
25;APPUI TECHNIQUE REGIONAL IARD
26;APPUI TECHNIQUE REGIONAL PJ
33;APPUI TECHNIQUE REGIONAL RECOLTE
23;ASSISTANT (CADRE) PJ
7;ASSISTANT IARD
17;ASSISTANT PJ
27;ASSISTANT RECOLTE
Assistante de Direction;ASSISTANTE DE DIRECTION
11;AUXILIAIRE
15;AUXILIAIRE UGS
3;CHEF DE SERVICE
5;COLLABORATEUR
2;DIRECTEUR
10;EXTERIEUR
18;MANAGER ASSISTANT
20;MANAGER ASSISTANT PJ
28;MANAGER ASSISTANT RECOLTE
14;MANAGER NON CHEF DE SERVICE
22;RESPONSABLE PJ
30;RESPONSABLE RECOLTE
13;RESPONSABLE TECHNIQUE NATIONAL
24;RESPONSABLE TECHNIQUE NATIONAL SIEGE
8;RESPONSABLE UGS
35;SALARIE VIAREN
34;SALARIE VIAVITA
4;SECRETAIRE
;ACC
;AIDE ASSISTANTE ADMINISTRATIVE
;ANALYSTE DEVELOPPEUR
;ANALYSTE EDITIQUE
;APPRENTI
;APPUI DE GESTION PRODUCTION
;APPUI TECHNIQUE
;ASSISTANT SINISTRES
;ASSISTANT SPECIALISE
;ASSISTANTE ADMINISTRATIVE
;ASSISTANTE DIRECTION
;ASSISTANTE GESTION
;CC
;CHARGE DE PRODUITS
;CHARGE DE RELATIONS INTERNES ET INSTITUT
;CHARGE PRODUITS
;CHARGE RESULTATS TECHNIQUES ASSURANCES
;CHARGEE RH
;CONSEILLER CLIENT
;CONSEILLER CLIENTS
;CONSEILLER SERVICE
;GESTIONNAIRE PAIE
;INGENIEUR D'ETUDE
;METREUR
;RESPONSABLE PRODUITS
